{
  "construction-plan-writer\\SKILL.md": {
    "mtime": 1779600508.57578,
    "size": 35819,
    "hash_head": "991d2c3e1aef5e12"
  },
  "construction-plan-writer\\content\\ch01.md": {
    "mtime": 1779520530.7329166,
    "size": 2901,
    "hash_head": "93874bbd0296cb86"
  },
  "construction-plan-writer\\content\\ch02.md": {
    "mtime": 1779523297.7249653,
    "size": 5666,
    "hash_head": "8b3cef3e76158e72"
  },
  "construction-plan-writer\\content\\ch03.md": {
    "mtime": 1779389096.454418,
    "size": 212,
    "hash_head": "b5a5cf427d3c22e1"
  },
  "construction-plan-writer\\content\\ch04.md": {
    "mtime": 1779389100.291138,
    "size": 225,
    "hash_head": "0b95c3bb44b49cf4"
  },
  "construction-plan-writer\\content\\ch05.md": {
    "mtime": 1779389104.1341562,
    "size": 224,
    "hash_head": "172b5e3f802af2e2"
  },
  "construction-plan-writer\\content\\ch06.md": {
    "mtime": 1779389107.622543,
    "size": 197,
    "hash_head": "7b0e51fed903b94b"
  },
  "construction-plan-writer\\content\\ch07.md": {
    "mtime": 1779389111.0899322,
    "size": 195,
    "hash_head": "3d361257ae193b84"
  },
  "construction-plan-writer\\content\\ch08.md": {
    "mtime": 1779389115.1230056,
    "size": 191,
    "hash_head": "7b7a7a078c33ea27"
  },
  "construction-plan-writer\\content\\ch09.md": {
    "mtime": 1779389117.9026604,
    "size": 170,
    "hash_head": "e34ee4d77fb62af8"
  },
  "construction-plan-writer\\content\\progress.json": {
    "mtime": 1779539557.783236,
    "size": 1764,
    "hash_head": "f3d57dc17a02e638"
  },
  "construction-plan-writer\\content\\project.json": {
    "mtime": 1779520530.701353,
    "size": 2476,
    "hash_head": "a0d53c9810b2a76b"
  },
  "construction-plan-writer\\projects\\pipe_test\\content\\ch01.md": {
    "mtime": 1779384135.2034993,
    "size": 2816,
    "hash_head": "f489bd304562fba9"
  },
  "construction-plan-writer\\projects\\pipe_test\\content\\project.json": {
    "mtime": 1779384135.2034993,
    "size": 2754,
    "hash_head": "3b92ec4f8e07868a"
  },
  "construction-plan-writer\\project_templates\\园林景观\\README.md": {
    "mtime": 1779377408.7690368,
    "size": 1307,
    "hash_head": "ae29809fa72a9779"
  },
  "construction-plan-writer\\references\\framework.md": {
    "mtime": 1779163491.264282,
    "size": 2332,
    "hash_head": "53cbfc6b05528a95"
  },
  "construction-plan-writer\\references\\project_type_map.json": {
    "mtime": 1779363195.312124,
    "size": 2502,
    "hash_head": "59d82dc2849bbd5e"
  },
  "construction-plan-writer\\references\\standards_index.json": {
    "mtime": 1779514332.5470657,
    "size": 8148250,
    "hash_head": "400c924e6702a9f0"
  },
  "construction-plan-writer\\references\\standards_index.md": {
    "mtime": 1779374847.9575355,
    "size": 5301,
    "hash_head": "17855b973633c457"
  },
  "construction-plan-writer\\references\\standard_tags.json": {
    "mtime": 1779372157.2278867,
    "size": 3276,
    "hash_head": "cfac5f372e82c1dd"
  },
  "construction-plan-writer\\scripts\\build.py": {
    "mtime": 1779390087.465217,
    "size": 2979,
    "hash_head": "f707557b36ab159a"
  },
  "construction-plan-writer\\scripts\\content_generator.py": {
    "mtime": 1779546204.4132674,
    "size": 22121,
    "hash_head": "43d679176722badb"
  },
  "construction-plan-writer\\scripts\\date_shift.py": {
    "mtime": 1779420803.1954825,
    "size": 6202,
    "hash_head": "b54a48afea4e5de6"
  },
  "construction-plan-writer\\scripts\\diff_docx.py": {
    "mtime": 1779348281.7818038,
    "size": 8153,
    "hash_head": "e119d7e7c7f2221a"
  },
  "construction-plan-writer\\scripts\\kb_auditor.py": {
    "mtime": 1779560351.0458262,
    "size": 35115,
    "hash_head": "ff2dea47b27354aa"
  },
  "construction-plan-writer\\scripts\\llm_hint.py": {
    "mtime": 1779559316.1451497,
    "size": 2566,
    "hash_head": "050a8b2bd37465e5"
  },
  "construction-plan-writer\\scripts\\orchestrator.py": {
    "mtime": 1779549184.0648563,
    "size": 11095,
    "hash_head": "ab8da055edaca786"
  },
  "construction-plan-writer\\scripts\\patch.py": {
    "mtime": 1779420877.7056913,
    "size": 6161,
    "hash_head": "198022a08b3a0502"
  },
  "construction-plan-writer\\scripts\\render_engine.py": {
    "mtime": 1779390181.444089,
    "size": 17084,
    "hash_head": "c27eabb5032e1c40"
  },
  "construction-plan-writer\\scripts\\scan.py": {
    "mtime": 1779526148.9449403,
    "size": 11742,
    "hash_head": "e3cf30f54980ab2d"
  },
  "construction-plan-writer\\scripts\\verify.py": {
    "mtime": 1779545303.1706188,
    "size": 31362,
    "hash_head": "87e8f68e2c943066"
  },
  "construction-plan-writer\\templates\\default.json": {
    "mtime": 1779374889.9119923,
    "size": 1763,
    "hash_head": "b4ea185cdeb6c06a"
  },
  "document-skills\\package.json": {
    "mtime": 1779070577.8138585,
    "size": 232,
    "hash_head": "ac02444bd7c310ab"
  },
  "document-skills\\SKILL.md": {
    "mtime": 1779201372.745627,
    "size": 2117,
    "hash_head": "72fe6a8da6710ab3"
  },
  "document-skills\\docx\\docx-js.md": {
    "mtime": 1779070577.8138585,
    "size": 18463,
    "hash_head": "c205efb08907c158"
  },
  "document-skills\\docx\\ooxml.md": {
    "mtime": 1779070577.8138585,
    "size": 24232,
    "hash_head": "f2bdcf3f62c628e6"
  },
  "document-skills\\docx\\SKILL.md": {
    "mtime": 1779201379.9415731,
    "size": 10347,
    "hash_head": "3bd15022243fe45a"
  },
  "document-skills\\pdf\\forms.md": {
    "mtime": 1779070577.8158653,
    "size": 9708,
    "hash_head": "c4f7fa23401ecfec"
  },
  "document-skills\\pdf\\reference.md": {
    "mtime": 1779070577.8158653,
    "size": 16854,
    "hash_head": "8245dde712a28d72"
  },
  "document-skills\\pdf\\SKILL.md": {
    "mtime": 1779201386.2169044,
    "size": 7828,
    "hash_head": "b7d0981e8ca27101"
  },
  "document-skills\\pptx\\html2pptx.md": {
    "mtime": 1779070577.8180544,
    "size": 21166,
    "hash_head": "ed6b3d0ac0b86536"
  },
  "document-skills\\pptx\\ooxml.md": {
    "mtime": 1779070577.8180544,
    "size": 10852,
    "hash_head": "bec07948082d1f28"
  },
  "document-skills\\pptx\\SKILL.md": {
    "mtime": 1779201392.6066327,
    "size": 25939,
    "hash_head": "e978729610a42bb1"
  },
  "document-skills\\xlsx\\recalc.py": {
    "mtime": 1779070577.8204398,
    "size": 6585,
    "hash_head": "5bf7ddb8a8f75d4b"
  },
  "document-skills\\xlsx\\SKILL.md": {
    "mtime": 1779201400.5794232,
    "size": 10829,
    "hash_head": "30bb9d3ea3a1505a"
  },
  "find-skills\\SKILL.md": {
    "mtime": 1779201346.0340407,
    "size": 6227,
    "hash_head": "ce669af675c86477"
  },
  "image-reader\\SKILL.md": {
    "mtime": 1779003557.0006454,
    "size": 765,
    "hash_head": "2e04134258edafb3"
  },
  "image-reader\\scripts\\clipboard_watch.py": {
    "mtime": 1779003497.023769,
    "size": 693,
    "hash_head": "3b7d54d9e56ee502"
  },
  "image-reader\\scripts\\ocr.py": {
    "mtime": 1779003325.604717,
    "size": 3052,
    "hash_head": "e8c93522fea57d6e"
  },
  "image-reader\\scripts\\ocr_local.py": {
    "mtime": 1779003011.0115395,
    "size": 793,
    "hash_head": "994fdcd14140c693"
  },
  "kb\\changelog.py": {
    "mtime": 1779526016.914223,
    "size": 1919,
    "hash_head": "26dee422d3af6b38"
  },
  "kb\\debug_clause.py": {
    "mtime": 1779491697.7794158,
    "size": 1231,
    "hash_head": "15b2b0d90ba673db"
  },
  "kb\\debug_gb50204.py": {
    "mtime": 1779511287.9131882,
    "size": 990,
    "hash_head": "013233634bc24fdc"
  },
  "kb\\debug_read_clause2.py": {
    "mtime": 1779491827.912607,
    "size": 984,
    "hash_head": "d06c5e928089cd24"
  },
  "kb\\debug_read_clause3.py": {
    "mtime": 1779491863.1438181,
    "size": 1369,
    "hash_head": "f2a9e8ad15aa8b0e"
  },
  "kb\\debug_recall.py": {
    "mtime": 1779508339.462244,
    "size": 1340,
    "hash_head": "acb4df2af0ef5aa7"
  },
  "kb\\debug_scores.py": {
    "mtime": 1779511407.109444,
    "size": 1003,
    "hash_head": "75dce1751d14118a"
  },
  "kb\\debug_trace.py": {
    "mtime": 1779491906.3300047,